{"cameraMode":{"drawMode":0,"name":"Shaded","section":"Shading Mode"},"sceneLighting":true,"audioPlay":false,"sceneViewState":{"m_AlwaysRefresh":false,"showFog":true,"showSkybox":true,"showFlares":true,"showImageEffects":true,"showParticleSystems":true,"showVisualEffectGraphs":true,"m_FxEnabled":true},"in2DMode":false,"pivot":{"x":0.34016889333724978,"y":-0.7442519664764404,"z":-8.310029029846192},"rotation":{"x":0.0010041848290711642,"y":-0.9927318692207336,"z":0.12030572444200516,"w":0.008331479504704476},"size":4.469821453094482,"orthographic":false}